{
	"class_name" : "PinholeCameraParameters",
	"extrinsic" : 
	[
		-0.74157210171421639,
		0.18960659172785807,
		-0.64352168443068447,
		0.0,
		0.6708709916194886,
		0.21203500309102596,
		-0.71061471281396416,
		0.0,
		0.0017118886190760074,
		-0.95869207665315248,
		-0.28444080508925218,
		0.0,
		1.6603730994832291,
		38.376889475587923,
		131.61891395609729,
		1.0
	],
	"intrinsic" : 
	{
		"height" : 1080,
		"intrinsic_matrix" : 
		[
			935.30743608719376,
			0.0,
			0.0,
			0.0,
			935.30743608719376,
			0.0,
			959.5,
			539.5,
			1.0
		],
		"width" : 1920
	},
	"version_major" : 1,
	"version_minor" : 0
}